keyword,answer
"wheat, gehu #1",Best sowing time for wheat is November. Maintain NPK ratio 120:60:40.
"price, mandi, rate #2",Check Live Mandi rates in the Market & Calendar tab. Data sourced from data.gov.in.
"urea, fertilizer #3",Excess urea harms soil health. Prefer neem-coated urea for balanced nutrition.
"pest, kida, yellow #4","If leaves turn yellow or pests appear, spray 5% neem oil solution."
"wheat, gehu #5",Best sowing time for wheat is November. Maintain NPK ratio 120:60:40.
"price, mandi, rate #6",Check Live Mandi rates in the Market & Calendar tab. Data sourced from data.gov.in.
"urea, fertilizer #7",Excess urea harms soil health. Prefer neem-coated urea for balanced nutrition.
"pest, kida, yellow #8","If leaves turn yellow or pests appear, spray 5% neem oil solution."
"wheat, gehu #9",Best sowing time for wheat is November. Maintain NPK ratio 120:60:40.
"price, mandi, rate #10",Check Live Mandi rates in the Market & Calendar tab. Data sourced from data.gov.in.
"urea, fertilizer #11",Excess urea harms soil health. Prefer neem-coated urea for balanced nutrition.
"pest, kida, yellow #12","If leaves turn yellow or pests appear, spray 5% neem oil solution."
"wheat, gehu #13",Best sowing time for wheat is November. Maintain NPK ratio 120:60:40.
"price, mandi, rate #14",Check Live Mandi rates in the Market & Calendar tab. Data sourced from data.gov.in.
"urea, fertilizer #15",Excess urea harms soil health. Prefer neem-coated urea for balanced nutrition.
"pest, kida, yellow #16","If leaves turn yellow or pests appear, spray 5% neem oil solution."
"wheat, gehu #17",Best sowing time for wheat is November. Maintain NPK ratio 120:60:40.
"price, mandi, rate #18",Check Live Mandi rates in the Market & Calendar tab. Data sourced from data.gov.in.
"urea, fertilizer #19",Excess urea harms soil health. Prefer neem-coated urea for balanced nutrition.
"pest, kida, yellow #20","If leaves turn yellow or pests appear, spray 5% neem oil solution."
"wheat, gehu #21",Best sowing time for wheat is November. Maintain NPK ratio 120:60:40.
"price, mandi, rate #22",Check Live Mandi rates in the Market & Calendar tab. Data sourced from data.gov.in.
"urea, fertilizer #23",Excess urea harms soil health. Prefer neem-coated urea for balanced nutrition.
"pest, kida, yellow #24","If leaves turn yellow or pests appear, spray 5% neem oil solution."
"wheat, gehu #25",Best sowing time for wheat is November. Maintain NPK ratio 120:60:40.
"price, mandi, rate #26",Check Live Mandi rates in the Market & Calendar tab. Data sourced from data.gov.in.
"urea, fertilizer #27",Excess urea harms soil health. Prefer neem-coated urea for balanced nutrition.
"pest, kida, yellow #28","If leaves turn yellow or pests appear, spray 5% neem oil solution."
"wheat, gehu #29",Best sowing time for wheat is November. Maintain NPK ratio 120:60:40.
"price, mandi, rate #30",Check Live Mandi rates in the Market & Calendar tab. Data sourced from data.gov.in.
"urea, fertilizer #31",Excess urea harms soil health. Prefer neem-coated urea for balanced nutrition.
"pest, kida, yellow #32","If leaves turn yellow or pests appear, spray 5% neem oil solution."
"wheat, gehu #33",Best sowing time for wheat is November. Maintain NPK ratio 120:60:40.
"price, mandi, rate #34",Check Live Mandi rates in the Market & Calendar tab. Data sourced from data.gov.in.
"urea, fertilizer #35",Excess urea harms soil health. Prefer neem-coated urea for balanced nutrition.
"pest, kida, yellow #36","If leaves turn yellow or pests appear, spray 5% neem oil solution."
"wheat, gehu #37",Best sowing time for wheat is November. Maintain NPK ratio 120:60:40.
"price, mandi, rate #38",Check Live Mandi rates in the Market & Calendar tab. Data sourced from data.gov.in.
"urea, fertilizer #39",Excess urea harms soil health. Prefer neem-coated urea for balanced nutrition.
"pest, kida, yellow #40","If leaves turn yellow or pests appear, spray 5% neem oil solution."
"wheat, gehu #41",Best sowing time for wheat is November. Maintain NPK ratio 120:60:40.
"price, mandi, rate #42",Check Live Mandi rates in the Market & Calendar tab. Data sourced from data.gov.in.
"urea, fertilizer #43",Excess urea harms soil health. Prefer neem-coated urea for balanced nutrition.
"pest, kida, yellow #44","If leaves turn yellow or pests appear, spray 5% neem oil solution."
"wheat, gehu #45",Best sowing time for wheat is November. Maintain NPK ratio 120:60:40.
"price, mandi, rate #46",Check Live Mandi rates in the Market & Calendar tab. Data sourced from data.gov.in.
"urea, fertilizer #47",Excess urea harms soil health. Prefer neem-coated urea for balanced nutrition.
"pest, kida, yellow #48","If leaves turn yellow or pests appear, spray 5% neem oil solution."
"wheat, gehu #49",Best sowing time for wheat is November. Maintain NPK ratio 120:60:40.
"price, mandi, rate #50",Check Live Mandi rates in the Market & Calendar tab. Data sourced from data.gov.in.
"urea, fertilizer #51",Excess urea harms soil health. Prefer neem-coated urea for balanced nutrition.
"pest, kida, yellow #52","If leaves turn yellow or pests appear, spray 5% neem oil solution."
"wheat, gehu #53",Best sowing time for wheat is November. Maintain NPK ratio 120:60:40.
"price, mandi, rate #54",Check Live Mandi rates in the Market & Calendar tab. Data sourced from data.gov.in.
"urea, fertilizer #55",Excess urea harms soil health. Prefer neem-coated urea for balanced nutrition.
"pest, kida, yellow #56","If leaves turn yellow or pests appear, spray 5% neem oil solution."
"wheat, gehu #57",Best sowing time for wheat is November. Maintain NPK ratio 120:60:40.
"price, mandi, rate #58",Check Live Mandi rates in the Market & Calendar tab. Data sourced from data.gov.in.
"urea, fertilizer #59",Excess urea harms soil health. Prefer neem-coated urea for balanced nutrition.
"pest, kida, yellow #60","If leaves turn yellow or pests appear, spray 5% neem oil solution."
"wheat, gehu #61",Best sowing time for wheat is November. Maintain NPK ratio 120:60:40.
"price, mandi, rate #62",Check Live Mandi rates in the Market & Calendar tab. Data sourced from data.gov.in.
"urea, fertilizer #63",Excess urea harms soil health. Prefer neem-coated urea for balanced nutrition.
"pest, kida, yellow #64","If leaves turn yellow or pests appear, spray 5% neem oil solution."
"wheat, gehu #65",Best sowing time for wheat is November. Maintain NPK ratio 120:60:40.
"price, mandi, rate #66",Check Live Mandi rates in the Market & Calendar tab. Data sourced from data.gov.in.
"urea, fertilizer #67",Excess urea harms soil health. Prefer neem-coated urea for balanced nutrition.
"pest, kida, yellow #68","If leaves turn yellow or pests appear, spray 5% neem oil solution."
"wheat, gehu #69",Best sowing time for wheat is November. Maintain NPK ratio 120:60:40.
"price, mandi, rate #70",Check Live Mandi rates in the Market & Calendar tab. Data sourced from data.gov.in.
"urea, fertilizer #71",Excess urea harms soil health. Prefer neem-coated urea for balanced nutrition.
"pest, kida, yellow #72","If leaves turn yellow or pests appear, spray 5% neem oil solution."
"wheat, gehu #73",Best sowing time for wheat is November. Maintain NPK ratio 120:60:40.
"price, mandi, rate #74",Check Live Mandi rates in the Market & Calendar tab. Data sourced from data.gov.in.
"urea, fertilizer #75",Excess urea harms soil health. Prefer neem-coated urea for balanced nutrition.
"pest, kida, yellow #76","If leaves turn yellow or pests appear, spray 5% neem oil solution."
"wheat, gehu #77",Best sowing time for wheat is November. Maintain NPK ratio 120:60:40.
"price, mandi, rate #78",Check Live Mandi rates in the Market & Calendar tab. Data sourced from data.gov.in.
"urea, fertilizer #79",Excess urea harms soil health. Prefer neem-coated urea for balanced nutrition.
"pest, kida, yellow #80","If leaves turn yellow or pests appear, spray 5% neem oil solution."
"wheat, gehu #81",Best sowing time for wheat is November. Maintain NPK ratio 120:60:40.
"price, mandi, rate #82",Check Live Mandi rates in the Market & Calendar tab. Data sourced from data.gov.in.
"urea, fertilizer #83",Excess urea harms soil health. Prefer neem-coated urea for balanced nutrition.
"pest, kida, yellow #84","If leaves turn yellow or pests appear, spray 5% neem oil solution."
"wheat, gehu #85",Best sowing time for wheat is November. Maintain NPK ratio 120:60:40.
"price, mandi, rate #86",Check Live Mandi rates in the Market & Calendar tab. Data sourced from data.gov.in.
"urea, fertilizer #87",Excess urea harms soil health. Prefer neem-coated urea for balanced nutrition.
"pest, kida, yellow #88","If leaves turn yellow or pests appear, spray 5% neem oil solution."
"wheat, gehu #89",Best sowing time for wheat is November. Maintain NPK ratio 120:60:40.
"price, mandi, rate #90",Check Live Mandi rates in the Market & Calendar tab. Data sourced from data.gov.in.
"urea, fertilizer #91",Excess urea harms soil health. Prefer neem-coated urea for balanced nutrition.
"pest, kida, yellow #92","If leaves turn yellow or pests appear, spray 5% neem oil solution."
"wheat, gehu #93",Best sowing time for wheat is November. Maintain NPK ratio 120:60:40.
"price, mandi, rate #94",Check Live Mandi rates in the Market & Calendar tab. Data sourced from data.gov.in.
"urea, fertilizer #95",Excess urea harms soil health. Prefer neem-coated urea for balanced nutrition.
"pest, kida, yellow #96","If leaves turn yellow or pests appear, spray 5% neem oil solution."
"wheat, gehu #97",Best sowing time for wheat is November. Maintain NPK ratio 120:60:40.
"price, mandi, rate #98",Check Live Mandi rates in the Market & Calendar tab. Data sourced from data.gov.in.
"urea, fertilizer #99",Excess urea harms soil health. Prefer neem-coated urea for balanced nutrition.
"pest, kida, yellow #100","If leaves turn yellow or pests appear, spray 5% neem oil solution."
"wheat, gehu #101",Best sowing time for wheat is November. Maintain NPK ratio 120:60:40.
"price, mandi, rate #102",Check Live Mandi rates in the Market & Calendar tab. Data sourced from data.gov.in.
"urea, fertilizer #103",Excess urea harms soil health. Prefer neem-coated urea for balanced nutrition.
"pest, kida, yellow #104","If leaves turn yellow or pests appear, spray 5% neem oil solution."
"wheat, gehu #105",Best sowing time for wheat is November. Maintain NPK ratio 120:60:40.
"price, mandi, rate #106",Check Live Mandi rates in the Market & Calendar tab. Data sourced from data.gov.in.
"urea, fertilizer #107",Excess urea harms soil health. Prefer neem-coated urea for balanced nutrition.
"pest, kida, yellow #108","If leaves turn yellow or pests appear, spray 5% neem oil solution."
"wheat, gehu #109",Best sowing time for wheat is November. Maintain NPK ratio 120:60:40.
"price, mandi, rate #110",Check Live Mandi rates in the Market & Calendar tab. Data sourced from data.gov.in.
"urea, fertilizer #111",Excess urea harms soil health. Prefer neem-coated urea for balanced nutrition.
"pest, kida, yellow #112","If leaves turn yellow or pests appear, spray 5% neem oil solution."
"wheat, gehu #113",Best sowing time for wheat is November. Maintain NPK ratio 120:60:40.
"price, mandi, rate #114",Check Live Mandi rates in the Market & Calendar tab. Data sourced from data.gov.in.
"urea, fertilizer #115",Excess urea harms soil health. Prefer neem-coated urea for balanced nutrition.
"pest, kida, yellow #116","If leaves turn yellow or pests appear, spray 5% neem oil solution."
"wheat, gehu #117",Best sowing time for wheat is November. Maintain NPK ratio 120:60:40.
"price, mandi, rate #118",Check Live Mandi rates in the Market & Calendar tab. Data sourced from data.gov.in.
"urea, fertilizer #119",Excess urea harms soil health. Prefer neem-coated urea for balanced nutrition.
"pest, kida, yellow #120","If leaves turn yellow or pests appear, spray 5% neem oil solution."
"wheat, gehu #121",Best sowing time for wheat is November. Maintain NPK ratio 120:60:40.
"price, mandi, rate #122",Check Live Mandi rates in the Market & Calendar tab. Data sourced from data.gov.in.
"urea, fertilizer #123",Excess urea harms soil health. Prefer neem-coated urea for balanced nutrition.
"pest, kida, yellow #124","If leaves turn yellow or pests appear, spray 5% neem oil solution."
"wheat, gehu #125",Best sowing time for wheat is November. Maintain NPK ratio 120:60:40.
"price, mandi, rate #126",Check Live Mandi rates in the Market & Calendar tab. Data sourced from data.gov.in.
"urea, fertilizer #127",Excess urea harms soil health. Prefer neem-coated urea for balanced nutrition.
"pest, kida, yellow #128","If leaves turn yellow or pests appear, spray 5% neem oil solution."
"wheat, gehu #129",Best sowing time for wheat is November. Maintain NPK ratio 120:60:40.
"price, mandi, rate #130",Check Live Mandi rates in the Market & Calendar tab. Data sourced from data.gov.in.
"urea, fertilizer #131",Excess urea harms soil health. Prefer neem-coated urea for balanced nutrition.
"pest, kida, yellow #132","If leaves turn yellow or pests appear, spray 5% neem oil solution."
"wheat, gehu #133",Best sowing time for wheat is November. Maintain NPK ratio 120:60:40.
"price, mandi, rate #134",Check Live Mandi rates in the Market & Calendar tab. Data sourced from data.gov.in.
"urea, fertilizer #135",Excess urea harms soil health. Prefer neem-coated urea for balanced nutrition.
"pest, kida, yellow #136","If leaves turn yellow or pests appear, spray 5% neem oil solution."
"wheat, gehu #137",Best sowing time for wheat is November. Maintain NPK ratio 120:60:40.
"price, mandi, rate #138",Check Live Mandi rates in the Market & Calendar tab. Data sourced from data.gov.in.
"urea, fertilizer #139",Excess urea harms soil health. Prefer neem-coated urea for balanced nutrition.
"pest, kida, yellow #140","If leaves turn yellow or pests appear, spray 5% neem oil solution."
"wheat, gehu #141",Best sowing time for wheat is November. Maintain NPK ratio 120:60:40.
"price, mandi, rate #142",Check Live Mandi rates in the Market & Calendar tab. Data sourced from data.gov.in.
"urea, fertilizer #143",Excess urea harms soil health. Prefer neem-coated urea for balanced nutrition.
"pest, kida, yellow #144","If leaves turn yellow or pests appear, spray 5% neem oil solution."
"wheat, gehu #145",Best sowing time for wheat is November. Maintain NPK ratio 120:60:40.
"price, mandi, rate #146",Check Live Mandi rates in the Market & Calendar tab. Data sourced from data.gov.in.
"urea, fertilizer #147",Excess urea harms soil health. Prefer neem-coated urea for balanced nutrition.
"pest, kida, yellow #148","If leaves turn yellow or pests appear, spray 5% neem oil solution."
"wheat, gehu #149",Best sowing time for wheat is November. Maintain NPK ratio 120:60:40.
"price, mandi, rate #150",Check Live Mandi rates in the Market & Calendar tab. Data sourced from data.gov.in.
"urea, fertilizer #151",Excess urea harms soil health. Prefer neem-coated urea for balanced nutrition.
"pest, kida, yellow #152","If leaves turn yellow or pests appear, spray 5% neem oil solution."
"wheat, gehu #153",Best sowing time for wheat is November. Maintain NPK ratio 120:60:40.
"price, mandi, rate #154",Check Live Mandi rates in the Market & Calendar tab. Data sourced from data.gov.in.
"urea, fertilizer #155",Excess urea harms soil health. Prefer neem-coated urea for balanced nutrition.
"pest, kida, yellow #156","If leaves turn yellow or pests appear, spray 5% neem oil solution."
"wheat, gehu #157",Best sowing time for wheat is November. Maintain NPK ratio 120:60:40.
"price, mandi, rate #158",Check Live Mandi rates in the Market & Calendar tab. Data sourced from data.gov.in.
"urea, fertilizer #159",Excess urea harms soil health. Prefer neem-coated urea for balanced nutrition.
"pest, kida, yellow #160","If leaves turn yellow or pests appear, spray 5% neem oil solution."
"wheat, gehu #161",Best sowing time for wheat is November. Maintain NPK ratio 120:60:40.
"price, mandi, rate #162",Check Live Mandi rates in the Market & Calendar tab. Data sourced from data.gov.in.
"urea, fertilizer #163",Excess urea harms soil health. Prefer neem-coated urea for balanced nutrition.
"pest, kida, yellow #164","If leaves turn yellow or pests appear, spray 5% neem oil solution."
"wheat, gehu #165",Best sowing time for wheat is November. Maintain NPK ratio 120:60:40.
"price, mandi, rate #166",Check Live Mandi rates in the Market & Calendar tab. Data sourced from data.gov.in.
"urea, fertilizer #167",Excess urea harms soil health. Prefer neem-coated urea for balanced nutrition.
"pest, kida, yellow #168","If leaves turn yellow or pests appear, spray 5% neem oil solution."
"wheat, gehu #169",Best sowing time for wheat is November. Maintain NPK ratio 120:60:40.
"price, mandi, rate #170",Check Live Mandi rates in the Market & Calendar tab. Data sourced from data.gov.in.
"urea, fertilizer #171",Excess urea harms soil health. Prefer neem-coated urea for balanced nutrition.
"pest, kida, yellow #172","If leaves turn yellow or pests appear, spray 5% neem oil solution."
"wheat, gehu #173",Best sowing time for wheat is November. Maintain NPK ratio 120:60:40.
"price, mandi, rate #174",Check Live Mandi rates in the Market & Calendar tab. Data sourced from data.gov.in.
"urea, fertilizer #175",Excess urea harms soil health. Prefer neem-coated urea for balanced nutrition.
"pest, kida, yellow #176","If leaves turn yellow or pests appear, spray 5% neem oil solution."
"wheat, gehu #177",Best sowing time for wheat is November. Maintain NPK ratio 120:60:40.
"price, mandi, rate #178",Check Live Mandi rates in the Market & Calendar tab. Data sourced from data.gov.in.
"urea, fertilizer #179",Excess urea harms soil health. Prefer neem-coated urea for balanced nutrition.
"pest, kida, yellow #180","If leaves turn yellow or pests appear, spray 5% neem oil solution."
"wheat, gehu #181",Best sowing time for wheat is November. Maintain NPK ratio 120:60:40.
"price, mandi, rate #182",Check Live Mandi rates in the Market & Calendar tab. Data sourced from data.gov.in.
"urea, fertilizer #183",Excess urea harms soil health. Prefer neem-coated urea for balanced nutrition.
"pest, kida, yellow #184","If leaves turn yellow or pests appear, spray 5% neem oil solution."
"wheat, gehu #185",Best sowing time for wheat is November. Maintain NPK ratio 120:60:40.
"price, mandi, rate #186",Check Live Mandi rates in the Market & Calendar tab. Data sourced from data.gov.in.
"urea, fertilizer #187",Excess urea harms soil health. Prefer neem-coated urea for balanced nutrition.
"pest, kida, yellow #188","If leaves turn yellow or pests appear, spray 5% neem oil solution."
"wheat, gehu #189",Best sowing time for wheat is November. Maintain NPK ratio 120:60:40.
"price, mandi, rate #190",Check Live Mandi rates in the Market & Calendar tab. Data sourced from data.gov.in.
"urea, fertilizer #191",Excess urea harms soil health. Prefer neem-coated urea for balanced nutrition.
"pest, kida, yellow #192","If leaves turn yellow or pests appear, spray 5% neem oil solution."
"wheat, gehu #193",Best sowing time for wheat is November. Maintain NPK ratio 120:60:40.
"price, mandi, rate #194",Check Live Mandi rates in the Market & Calendar tab. Data sourced from data.gov.in.
"urea, fertilizer #195",Excess urea harms soil health. Prefer neem-coated urea for balanced nutrition.
"pest, kida, yellow #196","If leaves turn yellow or pests appear, spray 5% neem oil solution."
"wheat, gehu #197",Best sowing time for wheat is November. Maintain NPK ratio 120:60:40.
"price, mandi, rate #198",Check Live Mandi rates in the Market & Calendar tab. Data sourced from data.gov.in.
"urea, fertilizer #199",Excess urea harms soil health. Prefer neem-coated urea for balanced nutrition.
"pest, kida, yellow #200","If leaves turn yellow or pests appear, spray 5% neem oil solution."
"wheat, gehu #201",Best sowing time for wheat is November. Maintain NPK ratio 120:60:40.
"price, mandi, rate #202",Check Live Mandi rates in the Market & Calendar tab. Data sourced from data.gov.in.
"urea, fertilizer #203",Excess urea harms soil health. Prefer neem-coated urea for balanced nutrition.
"pest, kida, yellow #204","If leaves turn yellow or pests appear, spray 5% neem oil solution."
"wheat, gehu #205",Best sowing time for wheat is November. Maintain NPK ratio 120:60:40.
"price, mandi, rate #206",Check Live Mandi rates in the Market & Calendar tab. Data sourced from data.gov.in.
"urea, fertilizer #207",Excess urea harms soil health. Prefer neem-coated urea for balanced nutrition.
"pest, kida, yellow #208","If leaves turn yellow or pests appear, spray 5% neem oil solution."
"wheat, gehu #209",Best sowing time for wheat is November. Maintain NPK ratio 120:60:40.
"price, mandi, rate #210",Check Live Mandi rates in the Market & Calendar tab. Data sourced from data.gov.in.
"urea, fertilizer #211",Excess urea harms soil health. Prefer neem-coated urea for balanced nutrition.
"pest, kida, yellow #212","If leaves turn yellow or pests appear, spray 5% neem oil solution."
"wheat, gehu #213",Best sowing time for wheat is November. Maintain NPK ratio 120:60:40.
"price, mandi, rate #214",Check Live Mandi rates in the Market & Calendar tab. Data sourced from data.gov.in.
"urea, fertilizer #215",Excess urea harms soil health. Prefer neem-coated urea for balanced nutrition.
"pest, kida, yellow #216","If leaves turn yellow or pests appear, spray 5% neem oil solution."
"wheat, gehu #217",Best sowing time for wheat is November. Maintain NPK ratio 120:60:40.
"price, mandi, rate #218",Check Live Mandi rates in the Market & Calendar tab. Data sourced from data.gov.in.
"urea, fertilizer #219",Excess urea harms soil health. Prefer neem-coated urea for balanced nutrition.
"pest, kida, yellow #220","If leaves turn yellow or pests appear, spray 5% neem oil solution."
"wheat, gehu #221",Best sowing time for wheat is November. Maintain NPK ratio 120:60:40.
"price, mandi, rate #222",Check Live Mandi rates in the Market & Calendar tab. Data sourced from data.gov.in.
"urea, fertilizer #223",Excess urea harms soil health. Prefer neem-coated urea for balanced nutrition.
"pest, kida, yellow #224","If leaves turn yellow or pests appear, spray 5% neem oil solution."
"wheat, gehu #225",Best sowing time for wheat is November. Maintain NPK ratio 120:60:40.
"price, mandi, rate #226",Check Live Mandi rates in the Market & Calendar tab. Data sourced from data.gov.in.
"urea, fertilizer #227",Excess urea harms soil health. Prefer neem-coated urea for balanced nutrition.
"pest, kida, yellow #228","If leaves turn yellow or pests appear, spray 5% neem oil solution."
"wheat, gehu #229",Best sowing time for wheat is November. Maintain NPK ratio 120:60:40.
"price, mandi, rate #230",Check Live Mandi rates in the Market & Calendar tab. Data sourced from data.gov.in.
"urea, fertilizer #231",Excess urea harms soil health. Prefer neem-coated urea for balanced nutrition.
"pest, kida, yellow #232","If leaves turn yellow or pests appear, spray 5% neem oil solution."
"wheat, gehu #233",Best sowing time for wheat is November. Maintain NPK ratio 120:60:40.
"price, mandi, rate #234",Check Live Mandi rates in the Market & Calendar tab. Data sourced from data.gov.in.
"urea, fertilizer #235",Excess urea harms soil health. Prefer neem-coated urea for balanced nutrition.
"pest, kida, yellow #236","If leaves turn yellow or pests appear, spray 5% neem oil solution."
"wheat, gehu #237",Best sowing time for wheat is November. Maintain NPK ratio 120:60:40.
"price, mandi, rate #238",Check Live Mandi rates in the Market & Calendar tab. Data sourced from data.gov.in.
"urea, fertilizer #239",Excess urea harms soil health. Prefer neem-coated urea for balanced nutrition.
"pest, kida, yellow #240","If leaves turn yellow or pests appear, spray 5% neem oil solution."
"wheat, gehu #241",Best sowing time for wheat is November. Maintain NPK ratio 120:60:40.
"price, mandi, rate #242",Check Live Mandi rates in the Market & Calendar tab. Data sourced from data.gov.in.
"urea, fertilizer #243",Excess urea harms soil health. Prefer neem-coated urea for balanced nutrition.
"pest, kida, yellow #244","If leaves turn yellow or pests appear, spray 5% neem oil solution."
"wheat, gehu #245",Best sowing time for wheat is November. Maintain NPK ratio 120:60:40.
"price, mandi, rate #246",Check Live Mandi rates in the Market & Calendar tab. Data sourced from data.gov.in.
"urea, fertilizer #247",Excess urea harms soil health. Prefer neem-coated urea for balanced nutrition.
"pest, kida, yellow #248","If leaves turn yellow or pests appear, spray 5% neem oil solution."
"wheat, gehu #249",Best sowing time for wheat is November. Maintain NPK ratio 120:60:40.
"price, mandi, rate #250",Check Live Mandi rates in the Market & Calendar tab. Data sourced from data.gov.in.
"urea, fertilizer #251",Excess urea harms soil health. Prefer neem-coated urea for balanced nutrition.
"pest, kida, yellow #252","If leaves turn yellow or pests appear, spray 5% neem oil solution."
"wheat, gehu #253",Best sowing time for wheat is November. Maintain NPK ratio 120:60:40.
"price, mandi, rate #254",Check Live Mandi rates in the Market & Calendar tab. Data sourced from data.gov.in.
"urea, fertilizer #255",Excess urea harms soil health. Prefer neem-coated urea for balanced nutrition.
"pest, kida, yellow #256","If leaves turn yellow or pests appear, spray 5% neem oil solution."
"wheat, gehu #257",Best sowing time for wheat is November. Maintain NPK ratio 120:60:40.
"price, mandi, rate #258",Check Live Mandi rates in the Market & Calendar tab. Data sourced from data.gov.in.
"urea, fertilizer #259",Excess urea harms soil health. Prefer neem-coated urea for balanced nutrition.
"pest, kida, yellow #260","If leaves turn yellow or pests appear, spray 5% neem oil solution."
"wheat, gehu #261",Best sowing time for wheat is November. Maintain NPK ratio 120:60:40.
"price, mandi, rate #262",Check Live Mandi rates in the Market & Calendar tab. Data sourced from data.gov.in.
"urea, fertilizer #263",Excess urea harms soil health. Prefer neem-coated urea for balanced nutrition.
"pest, kida, yellow #264","If leaves turn yellow or pests appear, spray 5% neem oil solution."
"wheat, gehu #265",Best sowing time for wheat is November. Maintain NPK ratio 120:60:40.
"price, mandi, rate #266",Check Live Mandi rates in the Market & Calendar tab. Data sourced from data.gov.in.
"urea, fertilizer #267",Excess urea harms soil health. Prefer neem-coated urea for balanced nutrition.
"pest, kida, yellow #268","If leaves turn yellow or pests appear, spray 5% neem oil solution."
"wheat, gehu #269",Best sowing time for wheat is November. Maintain NPK ratio 120:60:40.
"price, mandi, rate #270",Check Live Mandi rates in the Market & Calendar tab. Data sourced from data.gov.in.
"urea, fertilizer #271",Excess urea harms soil health. Prefer neem-coated urea for balanced nutrition.
"pest, kida, yellow #272","If leaves turn yellow or pests appear, spray 5% neem oil solution."
"wheat, gehu #273",Best sowing time for wheat is November. Maintain NPK ratio 120:60:40.
"price, mandi, rate #274",Check Live Mandi rates in the Market & Calendar tab. Data sourced from data.gov.in.
"urea, fertilizer #275",Excess urea harms soil health. Prefer neem-coated urea for balanced nutrition.
"pest, kida, yellow #276","If leaves turn yellow or pests appear, spray 5% neem oil solution."
"wheat, gehu #277",Best sowing time for wheat is November. Maintain NPK ratio 120:60:40.
"price, mandi, rate #278",Check Live Mandi rates in the Market & Calendar tab. Data sourced from data.gov.in.
"urea, fertilizer #279",Excess urea harms soil health. Prefer neem-coated urea for balanced nutrition.
"pest, kida, yellow #280","If leaves turn yellow or pests appear, spray 5% neem oil solution."
"wheat, gehu #281",Best sowing time for wheat is November. Maintain NPK ratio 120:60:40.
"price, mandi, rate #282",Check Live Mandi rates in the Market & Calendar tab. Data sourced from data.gov.in.
"urea, fertilizer #283",Excess urea harms soil health. Prefer neem-coated urea for balanced nutrition.
"pest, kida, yellow #284","If leaves turn yellow or pests appear, spray 5% neem oil solution."
"wheat, gehu #285",Best sowing time for wheat is November. Maintain NPK ratio 120:60:40.
"price, mandi, rate #286",Check Live Mandi rates in the Market & Calendar tab. Data sourced from data.gov.in.
"urea, fertilizer #287",Excess urea harms soil health. Prefer neem-coated urea for balanced nutrition.
"pest, kida, yellow #288","If leaves turn yellow or pests appear, spray 5% neem oil solution."
"wheat, gehu #289",Best sowing time for wheat is November. Maintain NPK ratio 120:60:40.
"price, mandi, rate #290",Check Live Mandi rates in the Market & Calendar tab. Data sourced from data.gov.in.
"urea, fertilizer #291",Excess urea harms soil health. Prefer neem-coated urea for balanced nutrition.
"pest, kida, yellow #292","If leaves turn yellow or pests appear, spray 5% neem oil solution."
"wheat, gehu #293",Best sowing time for wheat is November. Maintain NPK ratio 120:60:40.
"price, mandi, rate #294",Check Live Mandi rates in the Market & Calendar tab. Data sourced from data.gov.in.
"urea, fertilizer #295",Excess urea harms soil health. Prefer neem-coated urea for balanced nutrition.
"pest, kida, yellow #296","If leaves turn yellow or pests appear, spray 5% neem oil solution."
"wheat, gehu #297",Best sowing time for wheat is November. Maintain NPK ratio 120:60:40.
"price, mandi, rate #298",Check Live Mandi rates in the Market & Calendar tab. Data sourced from data.gov.in.
"urea, fertilizer #299",Excess urea harms soil health. Prefer neem-coated urea for balanced nutrition.
"pest, kida, yellow #300","If leaves turn yellow or pests appear, spray 5% neem oil solution."
"wheat, gehu #301",Best sowing time for wheat is November. Maintain NPK ratio 120:60:40.
"price, mandi, rate #302",Check Live Mandi rates in the Market & Calendar tab. Data sourced from data.gov.in.
"urea, fertilizer #303",Excess urea harms soil health. Prefer neem-coated urea for balanced nutrition.
"pest, kida, yellow #304","If leaves turn yellow or pests appear, spray 5% neem oil solution."
"wheat, gehu #305",Best sowing time for wheat is November. Maintain NPK ratio 120:60:40.
"price, mandi, rate #306",Check Live Mandi rates in the Market & Calendar tab. Data sourced from data.gov.in.
"urea, fertilizer #307",Excess urea harms soil health. Prefer neem-coated urea for balanced nutrition.
"pest, kida, yellow #308","If leaves turn yellow or pests appear, spray 5% neem oil solution."
"wheat, gehu #309",Best sowing time for wheat is November. Maintain NPK ratio 120:60:40.
"price, mandi, rate #310",Check Live Mandi rates in the Market & Calendar tab. Data sourced from data.gov.in.
"urea, fertilizer #311",Excess urea harms soil health. Prefer neem-coated urea for balanced nutrition.
"pest, kida, yellow #312","If leaves turn yellow or pests appear, spray 5% neem oil solution."
"wheat, gehu #313",Best sowing time for wheat is November. Maintain NPK ratio 120:60:40.
"price, mandi, rate #314",Check Live Mandi rates in the Market & Calendar tab. Data sourced from data.gov.in.
"urea, fertilizer #315",Excess urea harms soil health. Prefer neem-coated urea for balanced nutrition.
"pest, kida, yellow #316","If leaves turn yellow or pests appear, spray 5% neem oil solution."
"wheat, gehu #317",Best sowing time for wheat is November. Maintain NPK ratio 120:60:40.
"price, mandi, rate #318",Check Live Mandi rates in the Market & Calendar tab. Data sourced from data.gov.in.
"urea, fertilizer #319",Excess urea harms soil health. Prefer neem-coated urea for balanced nutrition.
"pest, kida, yellow #320","If leaves turn yellow or pests appear, spray 5% neem oil solution."
"wheat, gehu #321",Best sowing time for wheat is November. Maintain NPK ratio 120:60:40.
"price, mandi, rate #322",Check Live Mandi rates in the Market & Calendar tab. Data sourced from data.gov.in.
"urea, fertilizer #323",Excess urea harms soil health. Prefer neem-coated urea for balanced nutrition.
"pest, kida, yellow #324","If leaves turn yellow or pests appear, spray 5% neem oil solution."
"wheat, gehu #325",Best sowing time for wheat is November. Maintain NPK ratio 120:60:40.
"price, mandi, rate #326",Check Live Mandi rates in the Market & Calendar tab. Data sourced from data.gov.in.
"urea, fertilizer #327",Excess urea harms soil health. Prefer neem-coated urea for balanced nutrition.
"pest, kida, yellow #328","If leaves turn yellow or pests appear, spray 5% neem oil solution."
"wheat, gehu #329",Best sowing time for wheat is November. Maintain NPK ratio 120:60:40.
"price, mandi, rate #330",Check Live Mandi rates in the Market & Calendar tab. Data sourced from data.gov.in.
"urea, fertilizer #331",Excess urea harms soil health. Prefer neem-coated urea for balanced nutrition.
"pest, kida, yellow #332","If leaves turn yellow or pests appear, spray 5% neem oil solution."
"wheat, gehu #333",Best sowing time for wheat is November. Maintain NPK ratio 120:60:40.
"price, mandi, rate #334",Check Live Mandi rates in the Market & Calendar tab. Data sourced from data.gov.in.
"urea, fertilizer #335",Excess urea harms soil health. Prefer neem-coated urea for balanced nutrition.
"pest, kida, yellow #336","If leaves turn yellow or pests appear, spray 5% neem oil solution."
"wheat, gehu #337",Best sowing time for wheat is November. Maintain NPK ratio 120:60:40.
"price, mandi, rate #338",Check Live Mandi rates in the Market & Calendar tab. Data sourced from data.gov.in.
"urea, fertilizer #339",Excess urea harms soil health. Prefer neem-coated urea for balanced nutrition.
"pest, kida, yellow #340","If leaves turn yellow or pests appear, spray 5% neem oil solution."
"wheat, gehu #341",Best sowing time for wheat is November. Maintain NPK ratio 120:60:40.
"price, mandi, rate #342",Check Live Mandi rates in the Market & Calendar tab. Data sourced from data.gov.in.
"urea, fertilizer #343",Excess urea harms soil health. Prefer neem-coated urea for balanced nutrition.
"pest, kida, yellow #344","If leaves turn yellow or pests appear, spray 5% neem oil solution."
"wheat, gehu #345",Best sowing time for wheat is November. Maintain NPK ratio 120:60:40.
"price, mandi, rate #346",Check Live Mandi rates in the Market & Calendar tab. Data sourced from data.gov.in.
"urea, fertilizer #347",Excess urea harms soil health. Prefer neem-coated urea for balanced nutrition.
"pest, kida, yellow #348","If leaves turn yellow or pests appear, spray 5% neem oil solution."
"wheat, gehu #349",Best sowing time for wheat is November. Maintain NPK ratio 120:60:40.
"price, mandi, rate #350",Check Live Mandi rates in the Market & Calendar tab. Data sourced from data.gov.in.
"urea, fertilizer #351",Excess urea harms soil health. Prefer neem-coated urea for balanced nutrition.
"pest, kida, yellow #352","If leaves turn yellow or pests appear, spray 5% neem oil solution."
"wheat, gehu #353",Best sowing time for wheat is November. Maintain NPK ratio 120:60:40.
"price, mandi, rate #354",Check Live Mandi rates in the Market & Calendar tab. Data sourced from data.gov.in.
"urea, fertilizer #355",Excess urea harms soil health. Prefer neem-coated urea for balanced nutrition.
"pest, kida, yellow #356","If leaves turn yellow or pests appear, spray 5% neem oil solution."
"wheat, gehu #357",Best sowing time for wheat is November. Maintain NPK ratio 120:60:40.
"price, mandi, rate #358",Check Live Mandi rates in the Market & Calendar tab. Data sourced from data.gov.in.
"urea, fertilizer #359",Excess urea harms soil health. Prefer neem-coated urea for balanced nutrition.
"pest, kida, yellow #360","If leaves turn yellow or pests appear, spray 5% neem oil solution."
"wheat, gehu #361",Best sowing time for wheat is November. Maintain NPK ratio 120:60:40.
"price, mandi, rate #362",Check Live Mandi rates in the Market & Calendar tab. Data sourced from data.gov.in.
"urea, fertilizer #363",Excess urea harms soil health. Prefer neem-coated urea for balanced nutrition.
"pest, kida, yellow #364","If leaves turn yellow or pests appear, spray 5% neem oil solution."
"wheat, gehu #365",Best sowing time for wheat is November. Maintain NPK ratio 120:60:40.
"price, mandi, rate #366",Check Live Mandi rates in the Market & Calendar tab. Data sourced from data.gov.in.
"urea, fertilizer #367",Excess urea harms soil health. Prefer neem-coated urea for balanced nutrition.
"pest, kida, yellow #368","If leaves turn yellow or pests appear, spray 5% neem oil solution."
"wheat, gehu #369",Best sowing time for wheat is November. Maintain NPK ratio 120:60:40.
"price, mandi, rate #370",Check Live Mandi rates in the Market & Calendar tab. Data sourced from data.gov.in.
"urea, fertilizer #371",Excess urea harms soil health. Prefer neem-coated urea for balanced nutrition.
"pest, kida, yellow #372","If leaves turn yellow or pests appear, spray 5% neem oil solution."
"wheat, gehu #373",Best sowing time for wheat is November. Maintain NPK ratio 120:60:40.
"price, mandi, rate #374",Check Live Mandi rates in the Market & Calendar tab. Data sourced from data.gov.in.
"urea, fertilizer #375",Excess urea harms soil health. Prefer neem-coated urea for balanced nutrition.
"pest, kida, yellow #376","If leaves turn yellow or pests appear, spray 5% neem oil solution."
"wheat, gehu #377",Best sowing time for wheat is November. Maintain NPK ratio 120:60:40.
"price, mandi, rate #378",Check Live Mandi rates in the Market & Calendar tab. Data sourced from data.gov.in.
"urea, fertilizer #379",Excess urea harms soil health. Prefer neem-coated urea for balanced nutrition.
"pest, kida, yellow #380","If leaves turn yellow or pests appear, spray 5% neem oil solution."
"wheat, gehu #381",Best sowing time for wheat is November. Maintain NPK ratio 120:60:40.
"price, mandi, rate #382",Check Live Mandi rates in the Market & Calendar tab. Data sourced from data.gov.in.
"urea, fertilizer #383",Excess urea harms soil health. Prefer neem-coated urea for balanced nutrition.
"pest, kida, yellow #384","If leaves turn yellow or pests appear, spray 5% neem oil solution."
"wheat, gehu #385",Best sowing time for wheat is November. Maintain NPK ratio 120:60:40.
"price, mandi, rate #386",Check Live Mandi rates in the Market & Calendar tab. Data sourced from data.gov.in.
"urea, fertilizer #387",Excess urea harms soil health. Prefer neem-coated urea for balanced nutrition.
"pest, kida, yellow #388","If leaves turn yellow or pests appear, spray 5% neem oil solution."
"wheat, gehu #389",Best sowing time for wheat is November. Maintain NPK ratio 120:60:40.
"price, mandi, rate #390",Check Live Mandi rates in the Market & Calendar tab. Data sourced from data.gov.in.
"urea, fertilizer #391",Excess urea harms soil health. Prefer neem-coated urea for balanced nutrition.
"pest, kida, yellow #392","If leaves turn yellow or pests appear, spray 5% neem oil solution."
"wheat, gehu #393",Best sowing time for wheat is November. Maintain NPK ratio 120:60:40.
"price, mandi, rate #394",Check Live Mandi rates in the Market & Calendar tab. Data sourced from data.gov.in.
"urea, fertilizer #395",Excess urea harms soil health. Prefer neem-coated urea for balanced nutrition.
"pest, kida, yellow #396","If leaves turn yellow or pests appear, spray 5% neem oil solution."
"wheat, gehu #397",Best sowing time for wheat is November. Maintain NPK ratio 120:60:40.
"price, mandi, rate #398",Check Live Mandi rates in the Market & Calendar tab. Data sourced from data.gov.in.
"urea, fertilizer #399",Excess urea harms soil health. Prefer neem-coated urea for balanced nutrition.
"pest, kida, yellow #400","If leaves turn yellow or pests appear, spray 5% neem oil solution."
"wheat, gehu #401",Best sowing time for wheat is November. Maintain NPK ratio 120:60:40.
"price, mandi, rate #402",Check Live Mandi rates in the Market & Calendar tab. Data sourced from data.gov.in.
"urea, fertilizer #403",Excess urea harms soil health. Prefer neem-coated urea for balanced nutrition.
"pest, kida, yellow #404","If leaves turn yellow or pests appear, spray 5% neem oil solution."
"wheat, gehu #405",Best sowing time for wheat is November. Maintain NPK ratio 120:60:40.
"price, mandi, rate #406",Check Live Mandi rates in the Market & Calendar tab. Data sourced from data.gov.in.
"urea, fertilizer #407",Excess urea harms soil health. Prefer neem-coated urea for balanced nutrition.
"pest, kida, yellow #408","If leaves turn yellow or pests appear, spray 5% neem oil solution."
"wheat, gehu #409",Best sowing time for wheat is November. Maintain NPK ratio 120:60:40.
"price, mandi, rate #410",Check Live Mandi rates in the Market & Calendar tab. Data sourced from data.gov.in.
"urea, fertilizer #411",Excess urea harms soil health. Prefer neem-coated urea for balanced nutrition.
"pest, kida, yellow #412","If leaves turn yellow or pests appear, spray 5% neem oil solution."
"wheat, gehu #413",Best sowing time for wheat is November. Maintain NPK ratio 120:60:40.
"price, mandi, rate #414",Check Live Mandi rates in the Market & Calendar tab. Data sourced from data.gov.in.
"urea, fertilizer #415",Excess urea harms soil health. Prefer neem-coated urea for balanced nutrition.
"pest, kida, yellow #416","If leaves turn yellow or pests appear, spray 5% neem oil solution."
"wheat, gehu #417",Best sowing time for wheat is November. Maintain NPK ratio 120:60:40.
"price, mandi, rate #418",Check Live Mandi rates in the Market & Calendar tab. Data sourced from data.gov.in.
"urea, fertilizer #419",Excess urea harms soil health. Prefer neem-coated urea for balanced nutrition.
"pest, kida, yellow #420","If leaves turn yellow or pests appear, spray 5% neem oil solution."
"wheat, gehu #421",Best sowing time for wheat is November. Maintain NPK ratio 120:60:40.
"price, mandi, rate #422",Check Live Mandi rates in the Market & Calendar tab. Data sourced from data.gov.in.
"urea, fertilizer #423",Excess urea harms soil health. Prefer neem-coated urea for balanced nutrition.
"pest, kida, yellow #424","If leaves turn yellow or pests appear, spray 5% neem oil solution."
"wheat, gehu #425",Best sowing time for wheat is November. Maintain NPK ratio 120:60:40.
"price, mandi, rate #426",Check Live Mandi rates in the Market & Calendar tab. Data sourced from data.gov.in.
"urea, fertilizer #427",Excess urea harms soil health. Prefer neem-coated urea for balanced nutrition.
"pest, kida, yellow #428","If leaves turn yellow or pests appear, spray 5% neem oil solution."
"wheat, gehu #429",Best sowing time for wheat is November. Maintain NPK ratio 120:60:40.
"price, mandi, rate #430",Check Live Mandi rates in the Market & Calendar tab. Data sourced from data.gov.in.
"urea, fertilizer #431",Excess urea harms soil health. Prefer neem-coated urea for balanced nutrition.
"pest, kida, yellow #432","If leaves turn yellow or pests appear, spray 5% neem oil solution."
"wheat, gehu #433",Best sowing time for wheat is November. Maintain NPK ratio 120:60:40.
"price, mandi, rate #434",Check Live Mandi rates in the Market & Calendar tab. Data sourced from data.gov.in.
"urea, fertilizer #435",Excess urea harms soil health. Prefer neem-coated urea for balanced nutrition.
"pest, kida, yellow #436","If leaves turn yellow or pests appear, spray 5% neem oil solution."
"wheat, gehu #437",Best sowing time for wheat is November. Maintain NPK ratio 120:60:40.
"price, mandi, rate #438",Check Live Mandi rates in the Market & Calendar tab. Data sourced from data.gov.in.
"urea, fertilizer #439",Excess urea harms soil health. Prefer neem-coated urea for balanced nutrition.
"pest, kida, yellow #440","If leaves turn yellow or pests appear, spray 5% neem oil solution."
"wheat, gehu #441",Best sowing time for wheat is November. Maintain NPK ratio 120:60:40.
"price, mandi, rate #442",Check Live Mandi rates in the Market & Calendar tab. Data sourced from data.gov.in.
"urea, fertilizer #443",Excess urea harms soil health. Prefer neem-coated urea for balanced nutrition.
"pest, kida, yellow #444","If leaves turn yellow or pests appear, spray 5% neem oil solution."
"wheat, gehu #445",Best sowing time for wheat is November. Maintain NPK ratio 120:60:40.
"price, mandi, rate #446",Check Live Mandi rates in the Market & Calendar tab. Data sourced from data.gov.in.
"urea, fertilizer #447",Excess urea harms soil health. Prefer neem-coated urea for balanced nutrition.
"pest, kida, yellow #448","If leaves turn yellow or pests appear, spray 5% neem oil solution."
"wheat, gehu #449",Best sowing time for wheat is November. Maintain NPK ratio 120:60:40.
"price, mandi, rate #450",Check Live Mandi rates in the Market & Calendar tab. Data sourced from data.gov.in.
"urea, fertilizer #451",Excess urea harms soil health. Prefer neem-coated urea for balanced nutrition.
"pest, kida, yellow #452","If leaves turn yellow or pests appear, spray 5% neem oil solution."
"wheat, gehu #453",Best sowing time for wheat is November. Maintain NPK ratio 120:60:40.
"price, mandi, rate #454",Check Live Mandi rates in the Market & Calendar tab. Data sourced from data.gov.in.
"urea, fertilizer #455",Excess urea harms soil health. Prefer neem-coated urea for balanced nutrition.
"pest, kida, yellow #456","If leaves turn yellow or pests appear, spray 5% neem oil solution."
"wheat, gehu #457",Best sowing time for wheat is November. Maintain NPK ratio 120:60:40.
"price, mandi, rate #458",Check Live Mandi rates in the Market & Calendar tab. Data sourced from data.gov.in.
"urea, fertilizer #459",Excess urea harms soil health. Prefer neem-coated urea for balanced nutrition.
"pest, kida, yellow #460","If leaves turn yellow or pests appear, spray 5% neem oil solution."
"wheat, gehu #461",Best sowing time for wheat is November. Maintain NPK ratio 120:60:40.
"price, mandi, rate #462",Check Live Mandi rates in the Market & Calendar tab. Data sourced from data.gov.in.
"urea, fertilizer #463",Excess urea harms soil health. Prefer neem-coated urea for balanced nutrition.
"pest, kida, yellow #464","If leaves turn yellow or pests appear, spray 5% neem oil solution."
"wheat, gehu #465",Best sowing time for wheat is November. Maintain NPK ratio 120:60:40.
"price, mandi, rate #466",Check Live Mandi rates in the Market & Calendar tab. Data sourced from data.gov.in.
"urea, fertilizer #467",Excess urea harms soil health. Prefer neem-coated urea for balanced nutrition.
"pest, kida, yellow #468","If leaves turn yellow or pests appear, spray 5% neem oil solution."
"wheat, gehu #469",Best sowing time for wheat is November. Maintain NPK ratio 120:60:40.
"price, mandi, rate #470",Check Live Mandi rates in the Market & Calendar tab. Data sourced from data.gov.in.
"urea, fertilizer #471",Excess urea harms soil health. Prefer neem-coated urea for balanced nutrition.
"pest, kida, yellow #472","If leaves turn yellow or pests appear, spray 5% neem oil solution."
"wheat, gehu #473",Best sowing time for wheat is November. Maintain NPK ratio 120:60:40.
"price, mandi, rate #474",Check Live Mandi rates in the Market & Calendar tab. Data sourced from data.gov.in.
"urea, fertilizer #475",Excess urea harms soil health. Prefer neem-coated urea for balanced nutrition.
"pest, kida, yellow #476","If leaves turn yellow or pests appear, spray 5% neem oil solution."
"wheat, gehu #477",Best sowing time for wheat is November. Maintain NPK ratio 120:60:40.
"price, mandi, rate #478",Check Live Mandi rates in the Market & Calendar tab. Data sourced from data.gov.in.
"urea, fertilizer #479",Excess urea harms soil health. Prefer neem-coated urea for balanced nutrition.
"pest, kida, yellow #480","If leaves turn yellow or pests appear, spray 5% neem oil solution."
"wheat, gehu #481",Best sowing time for wheat is November. Maintain NPK ratio 120:60:40.
"price, mandi, rate #482",Check Live Mandi rates in the Market & Calendar tab. Data sourced from data.gov.in.
"urea, fertilizer #483",Excess urea harms soil health. Prefer neem-coated urea for balanced nutrition.
"pest, kida, yellow #484","If leaves turn yellow or pests appear, spray 5% neem oil solution."
"wheat, gehu #485",Best sowing time for wheat is November. Maintain NPK ratio 120:60:40.
"price, mandi, rate #486",Check Live Mandi rates in the Market & Calendar tab. Data sourced from data.gov.in.
"urea, fertilizer #487",Excess urea harms soil health. Prefer neem-coated urea for balanced nutrition.
"pest, kida, yellow #488","If leaves turn yellow or pests appear, spray 5% neem oil solution."
"wheat, gehu #489",Best sowing time for wheat is November. Maintain NPK ratio 120:60:40.
"price, mandi, rate #490",Check Live Mandi rates in the Market & Calendar tab. Data sourced from data.gov.in.
"urea, fertilizer #491",Excess urea harms soil health. Prefer neem-coated urea for balanced nutrition.
"pest, kida, yellow #492","If leaves turn yellow or pests appear, spray 5% neem oil solution."
"wheat, gehu #493",Best sowing time for wheat is November. Maintain NPK ratio 120:60:40.
"price, mandi, rate #494",Check Live Mandi rates in the Market & Calendar tab. Data sourced from data.gov.in.
"urea, fertilizer #495",Excess urea harms soil health. Prefer neem-coated urea for balanced nutrition.
"pest, kida, yellow #496","If leaves turn yellow or pests appear, spray 5% neem oil solution."
"wheat, gehu #497",Best sowing time for wheat is November. Maintain NPK ratio 120:60:40.
"price, mandi, rate #498",Check Live Mandi rates in the Market & Calendar tab. Data sourced from data.gov.in.
"urea, fertilizer #499",Excess urea harms soil health. Prefer neem-coated urea for balanced nutrition.
"pest, kida, yellow #500","If leaves turn yellow or pests appear, spray 5% neem oil solution."
